{"colorType":2,"gradient":{"serializedVersion":"2","key0":{"r":1.0,"g":0.0,"b":0.1961383819580078,"a":1.0},"key1":{"r":0.1450980305671692,"g":0.2370183765888214,"b":0.7176470756530762,"a":1.0},"key2":{"r":0.1450980305671692,"g":0.2370183765888214,"b":0.7176470756530762,"a":1.0},"key3":{"r":0.1450980305671692,"g":0.2370183765888214,"b":0.7176470756530762,"a":1.0},"key4":{"r":0.1450980305671692,"g":0.2370183765888214,"b":0.7176470756530762,"a":0.0},"key5":{"r":0.0,"g":0.0,"b":0.0,"a":0.0},"key6":{"r":0.0,"g":0.0,"b":0.0,"a":0.0},"key7":{"r":0.0,"g":0.0,"b":0.0,"a":0.0},"ctime0":0,"ctime1":64379,"ctime2":64379,"ctime3":64379,"ctime4":64379,"ctime5":0,"ctime6":0,"ctime7":0,"atime0":0,"atime1":65535,"atime2":65535,"atime3":65535,"atime4":0,"atime5":0,"atime6":0,"atime7":0,"m_Mode":0,"m_ColorSpace":0,"m_NumColorKeys":2,"m_NumAlphaKeys":2},"offset":{"x":0,"y":0},"angle":61,"iconOffset":{"x":0,"y":0}}