{"colorType":2,"gradient":{"serializedVersion":"2","key0":{"r":1.0,"g":0.5879561305046082,"b":0.2962263822555542,"a":1.0},"key1":{"r":0.8301886916160584,"g":0.2850836217403412,"b":0.41587960720062258,"a":1.0},"key2":{"r":0.0,"g":0.05801859125494957,"b":0.3207547068595886,"a":0.0},"key3":{"r":0.0,"g":0.0,"b":0.0,"a":0.0},"key4":{"r":0.0,"g":0.0,"b":0.0,"a":0.0},"key5":{"r":0.0,"g":0.0,"b":0.0,"a":0.0},"key6":{"r":0.0,"g":0.0,"b":0.0,"a":0.0},"key7":{"r":0.0,"g":0.0,"b":0.0,"a":0.0},"ctime0":0,"ctime1":32960,"ctime2":65150,"ctime3":0,"ctime4":0,"ctime5":0,"ctime6":0,"ctime7":0,"atime0":0,"atime1":65535,"atime2":0,"atime3":0,"atime4":0,"atime5":0,"atime6":0,"atime7":0,"m_Mode":0,"m_ColorSpace":0,"m_NumColorKeys":3,"m_NumAlphaKeys":2},"offset":{"x":0,"y":0},"angle":270,"iconOffset":{"x":0,"y":0}}