{"colorType":1,"gradient":{"serializedVersion":"2","key0":{"r":0.06981128454208374,"g":0.3318673074245453,"b":1.0,"a":1.0},"key1":{"r":0.04733332619071007,"g":0.12981867790222169,"b":0.7357935905456543,"a":1.0},"key2":{"r":0.03289096802473068,"g":0.0,"b":0.5660377740859985,"a":0.0},"key3":{"r":0.0,"g":0.0,"b":0.0,"a":0.0},"key4":{"r":0.0,"g":0.0,"b":0.0,"a":0.0},"key5":{"r":0.0,"g":0.0,"b":0.0,"a":0.0},"key6":{"r":0.0,"g":0.0,"b":0.0,"a":0.0},"key7":{"r":0.0,"g":0.0,"b":0.0,"a":0.0},"ctime0":0,"ctime1":40670,"ctime2":65535,"ctime3":0,"ctime4":0,"ctime5":0,"ctime6":0,"ctime7":0,"atime0":0,"atime1":65535,"atime2":0,"atime3":0,"atime4":0,"atime5":0,"atime6":0,"atime7":0,"m_Mode":0,"m_ColorSpace":0,"m_NumColorKeys":3,"m_NumAlphaKeys":2},"offset":{"x":0,"y":0},"angle":0,"iconOffset":{"x":0,"y":0}}